ContractID,"CountryCode",NumberOfCoversInContract,ContractStartDate,ContractEndDate,Latitude,Longitude
426,"GB",2,2022-01-01,2023-02-28,57.818,-4.63
692,"ES",2,2021-11-01,2022-12-31,,
427,"GB",2,2022-03-01,2023-04-30,,
164,"FR",4,2021-10-01,2023-05-31,,
428,"GB",3,2021-10-01,2023-01-31,,
694,"ES",1,2022-03-01,2023-03-31,,
165,"FR",2,2021-10-01,2022-12-31,,
429,"GB",1,2022-05-01,2023-05-31,,
695,"ES",2,2022-01-01,2023-01-31,,
430,"GB",2,2022-03-01,2023-06-30,55.229,-3.358
956,"IT",1,2021-10-01,2022-09-30,,
696,"ES",1,2022-02-01,2023-02-28,,
167,"FR",1,2022-06-01,2023-06-30,,
431,"GB",1,2021-09-01,2022-08-31,,
697,"ES",4,2021-11-01,2023-04-30,,
168,"FR",1,2022-02-01,2023-02-28,,
958,"IT",3,2022-02-01,2023-06-30,42.882,13.64
169,"FR",1,2022-02-01,2023-02-28,,
433,"GB",4,2021-10-01,2023-05-31,,
170,"FR",2,2021-12-01,2023-06-30,,
434,"GB",3,2022-01-01,2023-06-30,,
171,"FR",2,2022-01-01,2023-06-30,,
435,"GB",2,2021-10-01,2023-05-31,,
961,"IT",2,2021-09-01,2022-12-31,,
436,"GB",3,2022-01-01,2023-03-31,,
962,"IT",2,2022-03-01,2023-05-31,45.829,13.25
702,"ES",3,2021-09-01,2023-05-31,,
173,"FR",3,2021-10-01,2023-02-28,,
175,"FR",2,2021-11-01,2022-12-31,,
965,"IT",3,2021-11-01,2023-05-31,,
176,"FR",3,2022-04-01,2023-05-31,,
441,"GB",2,2021-11-01,2022-10-31,55.683,-4.602
178,"FR",2,2021-11-01,2022-11-30,,
442,"GB",3,2021-11-01,2023-05-31,,
179,"FR",1,2022-01-01,2022-12-31,,
180,"FR",3,2021-10-01,2022-10-31,,
444,"GB",1,2022-03-01,2023-03-31,,
970,"IT",1,2022-04-01,2023-04-30,,
181,"FR",2,2021-09-01,2022-10-31,,
445,"GB",3,2021-11-01,2023-06-30,,
971,"IT",2,2021-09-01,2023-06-30,,
446,"GB",1,2022-05-01,2023-05-31,,
712,"ES",3,2021-09-01,2023-06-30,,
973,"IT",2,2022-01-01,2023-04-30,,
184,"FR",1,2022-04-01,2023-04-30,,
448,"GB",1,2022-06-01,2023-06-30,,
185,"FR",1,2022-01-01,2022-12-31,,
449,"GB",2,2021-12-01,2023-02-28,,
186,"FR",1,2022-02-01,2023-02-28,43.772,0.159
450,"GB",3,2022-01-01,2023-03-31,,
976,"IT",2,2021-09-01,2022-10-31,37.456,13.694
187,"FR",1,2022-01-01,2023-01-31,,
451,"GB",2,2022-01-01,2023-05-31,,
717,"ES",2,2021-10-01,2022-10-31,,
188,"FR",3,2022-01-01,2023-04-30,,
978,"IT",2,2022-01-01,2023-06-30,,
718,"ES",1,2022-01-01,2023-01-31,,
453,"GB",3,2022-03-01,2023-04-30,,
190,"FR",3,2021-10-01,2023-03-31,,
980,"IT",3,2021-11-01,2023-03-31,,
455,"GB",2,2021-10-01,2023-01-31,,
721,"ES",2,2021-10-01,2023-06-30,,
192,"FR",3,2021-09-01,2023-01-31,,
456,"GB",3,2021-10-01,2023-06-30,,
982,"IT",1,2022-03-01,2023-03-31,,
457,"GB",1,2021-09-01,2022-08-31,,
983,"IT",2,2022-01-01,2023-05-31,,
984,"IT",4,2021-10-01,2023-03-31,,
724,"ES",3,2021-11-01,2023-05-31,,
459,"GB",1,2022-06-01,2023-06-30,,
985,"IT",2,2021-12-01,2022-11-30,,
725,"ES",1,2021-12-01,2022-11-30,,
196,"FR",3,2021-09-01,2023-04-30,,
460,"GB",3,2021-10-01,2023-02-28,,
986,"IT",3,2021-09-01,2023-05-31,,
197,"FR",1,2022-01-01,2023-01-31,,
987,"IT",2,2021-11-01,2023-04-30,42.088,14.022
727,"ES",2,2022-02-01,2023-04-30,,
198,"FR",3,2021-09-01,2023-03-31,,
201,"DE",1,2021-10-01,2022-09-30,,
202,"DE",2,2021-11-01,2023-03-31,,
200,"FR",2,2021-10-01,2023-03-31,,
464,"GB",2,2021-11-01,2023-06-30,,
203,"DE",3,2021-11-01,2023-05-31,,
465,"GB",2,2021-10-01,2023-01-31,,
466,"GB",3,2021-10-01,2023-06-30,,
205,"DE",3,2022-01-01,2023-05-31,,
993,"IT",2,2021-09-01,2023-01-31,,
206,"DE",3,2021-12-01,2023-04-30,,
468,"GB",2,2021-12-01,2023-05-31,,
734,"ES",1,2022-01-01,2023-01-31,,
207,"DE",2,2022-01-01,2022-12-31,,
469,"GB",2,2022-01-01,2023-04-30,,
208,"DE",2,2021-12-01,2023-03-31,,
996,"IT",4,2021-12-01,2023-05-31,,
209,"DE",1,2021-12-01,2022-11-30,,
471,"GB",3,2022-03-01,2023-05-31,,
997,"IT",2,2021-10-01,2023-01-31,42.73,13.28
737,"ES",3,2021-11-01,2023-04-30,,
210,"DE",2,2021-09-01,2022-12-31,,
472,"GB",1,2022-04-01,2023-04-30,,
211,"DE",2,2022-01-01,2023-02-28,,
999,"IT",3,2021-09-01,2023-01-31,,
739,"ES",2,2022-04-01,2023-06-30,,
212,"DE",3,2021-09-01,2023-01-31,,
1000,"IT",2,2021-09-01,2023-03-31,,
740,"ES",3,2021-09-01,2023-04-30,,
213,"DE",3,2021-09-01,2022-11-30,,
475,"GB",1,2021-11-01,2022-10-31,,
741,"ES",3,2021-11-01,2023-01-31,,
214,"DE",2,2021-11-01,2022-10-31,,
215,"DE",1,2022-04-01,2023-04-30,,
216,"DE",2,2021-12-01,2023-06-30,,
478,"GB",2,2021-11-01,2023-04-30,57.262,-5.23
744,"ES",2,2021-10-01,2023-01-31,,
217,"DE",3,2021-09-01,2023-03-31,,
745,"ES",1,2022-01-01,2023-01-31,,
218,"DE",1,2022-04-01,2023-04-30,,
481,"GB",2,2021-09-01,2022-09-30,55.732,-6.05
220,"DE",3,2021-09-01,2022-12-31,,
748,"ES",2,2021-10-01,2023-05-31,,
483,"GB",1,2021-10-01,2022-09-30,,
749,"ES",2,2021-11-01,2023-01-31,,
222,"DE",2,2022-01-01,2023-03-31,,
223,"DE",1,2022-04-01,2023-04-30,,
485,"GB",2,2021-11-01,2023-04-30,,
225,"DE",2,2022-03-01,2023-04-30,,
487,"GB",1,2021-12-01,2022-11-30,,
227,"DE",2,2022-01-01,2023-04-30,54.505,9.535
755,"ES",2,2021-10-01,2023-03-31,,
228,"DE",2,2022-02-01,2023-03-31,,
756,"ES",1,2021-09-01,2022-08-31,,
229,"DE",2,2022-01-01,2022-12-31,,
491,"GB",2,2022-03-01,2023-06-30,54.037,-1.969
757,"ES",1,2022-04-01,2023-04-30,36.625,-5.42
230,"DE",1,2021-12-01,2022-11-30,,
231,"DE",2,2021-10-01,2023-03-31,,
232,"DE",1,2022-03-01,2023-03-31,,
494,"GB",2,2022-03-01,2023-03-31,,
233,"DE",2,2022-01-01,2023-06-30,,
761,"ES",2,2021-12-01,2023-06-30,,
234,"DE",3,2021-12-01,2023-06-30,,
496,"GB",2,2022-03-01,2023-06-30,,
497,"GB",3,2021-09-01,2022-11-30,,
763,"ES",1,2021-12-01,2022-11-30,43.466,-3.611
236,"DE",2,2021-11-01,2022-11-30,,
498,"GB",2,2022-01-01,2023-06-30,,
237,"DE",3,2021-09-01,2023-06-30,,
499,"GB",2,2022-01-01,2023-05-31,,
765,"ES",2,2021-11-01,2023-03-31,,
238,"DE",2,2022-03-01,2023-03-31,,
500,"GB",3,2021-10-01,2023-03-31,,
239,"DE",3,2021-09-01,2023-04-30,,
501,"GB",1,2022-02-01,2023-02-28,,
240,"DE",3,2021-09-01,2022-12-31,,
503,"GB",1,2022-02-01,2023-02-28,,
769,"ES",3,2021-09-01,2023-04-30,,
242,"DE",2,2021-10-01,2023-06-30,,
504,"GB",1,2022-06-01,2023-06-30,,
505,"GB",2,2021-12-01,2023-05-31,,
506,"GB",2,2022-02-01,2023-04-30,,
772,"ES",2,2022-04-01,2023-06-30,,
245,"DE",2,2022-02-01,2023-04-30,51.825,12.608
507,"GB",2,2021-09-01,2022-09-30,,
773,"ES",1,2022-04-01,2023-04-30,,
246,"DE",2,2021-10-01,2023-02-28,,
508,"GB",2,2022-03-01,2023-04-30,,
774,"ES",2,2021-12-01,2023-05-31,,
775,"ES",2,2021-12-01,2023-03-31,,
510,"GB",4,2022-01-01,2023-06-30,,
249,"DE",2,2022-01-01,2023-06-30,,
511,"GB",2,2022-03-01,2023-04-30,,
250,"DE",1,2022-05-01,2023-05-31,,
778,"ES",1,2022-02-01,2023-02-28,,
251,"DE",2,2022-01-01,2023-04-30,50.46,11.96
513,"GB",3,2022-01-01,2023-02-28,,
252,"DE",3,2021-09-01,2023-04-30,,
780,"ES",2,2022-01-01,2023-05-31,,
254,"DE",1,2022-04-01,2023-04-30,,
516,"GB",3,2021-11-01,2023-04-30,,
517,"GB",2,2021-09-01,2023-01-31,,
783,"ES",2,2021-12-01,2023-01-31,,
518,"GB",2,2022-04-01,2023-05-31,,
784,"ES",2,2022-02-01,2023-03-31,,
257,"DE",2,2021-12-01,2023-05-31,,
519,"GB",3,2021-09-01,2022-11-30,,
258,"DE",1,2022-01-01,2023-01-31,,
786,"ES",1,2022-01-01,2023-01-31,,
259,"DE",3,2021-11-01,2023-06-30,,
521,"GB",4,2021-09-01,2022-12-31,,
522,"GB",2,2022-04-01,2023-04-30,56.841,-5.509
261,"DE",2,2021-12-01,2022-12-31,53.934,12.027
262,"DE",2,2022-05-01,2023-06-30,,
524,"GB",2,2022-01-01,2023-04-30,,
790,"ES",3,2021-09-01,2023-03-31,,
263,"DE",3,2021-09-01,2022-09-30,50.722,9.357
525,"GB",3,2022-03-01,2023-06-30,52.621,-0.892
264,"DE",3,2021-10-01,2023-05-31,,
526,"GB",4,2021-09-01,2023-04-30,,
265,"DE",3,2021-09-01,2023-03-31,,
527,"GB",3,2022-02-01,2023-05-31,,
793,"ES",2,2021-10-01,2022-10-31,,
266,"DE",1,2022-06-01,2023-06-30,,
267,"DE",3,2021-09-01,2023-04-30,,
529,"GB",3,2021-09-01,2023-06-30,,
795,"ES",2,2021-10-01,2023-03-31,,
268,"DE",4,2021-09-01,2023-04-30,,
530,"GB",2,2022-04-01,2023-04-30,,
3,"FR",2,2021-11-01,2023-02-28,,
532,"GB",2,2021-11-01,2023-01-31,,
533,"GB",2,2022-01-01,2023-03-31,,
5,"FR",1,2022-05-01,2023-05-31,,
799,"ES",2,2022-05-01,2023-05-31,,
272,"DE",3,2022-01-01,2023-05-31,,
534,"GB",3,2021-09-01,2023-06-30,,
273,"DE",3,2022-01-01,2023-04-30,,
535,"GB",1,2022-01-01,2023-01-31,,
274,"DE",3,2022-01-01,2023-04-30,,
536,"GB",4,2021-09-01,2023-02-28,,
8,"FR",4,2021-09-01,2023-06-30,,
275,"DE",2,2021-10-01,2022-10-31,,
537,"GB",1,2021-11-01,2022-10-31,,
276,"DE",2,2022-01-01,2023-04-30,,
538,"GB",1,2022-04-01,2023-04-30,52.381,0.149
10,"FR",1,2022-02-01,2023-02-28,,
11,"FR",2,2021-09-01,2023-06-30,,
278,"DE",2,2022-01-01,2023-03-31,,
12,"FR",3,2021-11-01,2023-02-28,,
279,"DE",1,2022-05-01,2023-05-31,,
541,"GB",2,2021-11-01,2023-06-30,,
13,"FR",1,2022-05-01,2023-05-31,,
803,"IT",3,2021-09-01,2023-05-31,,
280,"DE",4,2021-09-01,2023-04-30,,
542,"GB",4,2021-09-01,2023-02-28,,
14,"FR",2,2022-01-01,2023-03-31,,
281,"DE",1,2022-01-01,2023-01-31,,
15,"FR",2,2022-01-01,2023-06-30,,
805,"IT",2,2021-10-01,2023-05-31,,
282,"DE",2,2021-12-01,2023-05-31,,
544,"GB",2,2021-11-01,2022-11-30,54.63,-2.859
16,"FR",2,2021-11-01,2023-06-30,,
283,"DE",2,2021-11-01,2022-10-31,,
545,"GB",3,2021-09-01,2022-10-31,,
17,"FR",1,2022-02-01,2023-02-28,,
807,"IT",2,2022-01-01,2023-02-28,,
284,"DE",2,2021-10-01,2022-10-31,,
546,"GB",1,2021-11-01,2022-10-31,,
285,"DE",3,2022-01-01,2023-06-30,,
547,"GB",2,2022-03-01,2023-05-31,,
548,"GB",3,2021-10-01,2022-12-31,,
20,"FR",2,2021-09-01,2023-05-31,,
287,"DE",3,2021-12-01,2023-06-30,,
549,"GB",1,2021-11-01,2022-10-31,,
21,"FR",2,2021-12-01,2023-06-30,,
288,"DE",3,2021-10-01,2023-03-31,,
550,"GB",3,2021-09-01,2023-04-30,,
812,"IT",4,2021-09-01,2023-05-31,,
289,"DE",2,2022-01-01,2023-01-31,,
551,"GB",4,2021-11-01,2023-02-28,,
552,"GB",1,2021-10-01,2022-09-30,,
814,"IT",1,2022-05-01,2023-05-31,37.675,14.432
291,"DE",2,2022-05-01,2023-06-30,,
553,"GB",1,2021-11-01,2022-10-31,,
25,"FR",2,2021-11-01,2023-01-31,,
554,"GB",1,2021-11-01,2022-10-31,,
26,"FR",3,2021-11-01,2023-05-31,,
816,"IT",3,2021-09-01,2023-01-31,,
293,"DE",2,2021-12-01,2023-02-28,,
555,"GB",3,2022-01-01,2023-06-30,,
27,"FR",2,2022-01-01,2023-06-30,,
817,"IT",1,2022-03-01,2023-03-31,40.195,8.821
294,"DE",3,2021-10-01,2023-05-31,,
556,"GB",2,2022-02-01,2023-05-31,,
28,"FR",2,2021-11-01,2022-10-31,,
818,"IT",3,2021-09-01,2023-03-31,,
295,"DE",4,2021-10-01,2023-04-30,,
557,"GB",1,2021-11-01,2022-10-31,,
558,"GB",2,2022-01-01,2022-12-31,,
30,"FR",2,2022-05-01,2023-05-31,,
820,"IT",4,2021-09-01,2023-06-30,,
297,"DE",1,2022-01-01,2023-01-31,,
559,"GB",1,2022-06-01,2023-06-30,56.429,-4.705
31,"FR",1,2021-12-01,2022-11-30,,
298,"DE",2,2022-03-01,2023-04-30,,
560,"GB",1,2022-04-01,2023-04-30,,
32,"FR",1,2022-02-01,2023-02-28,,
822,"IT",2,2021-11-01,2023-01-31,,
299,"DE",3,2022-05-01,2023-06-30,54.117,12.72
561,"GB",2,2022-01-01,2023-02-28,,
33,"FR",2,2022-02-01,2023-03-31,,
300,"DE",3,2021-10-01,2023-06-30,,
562,"GB",2,2021-09-01,2022-10-31,,
34,"FR",2,2021-09-01,2023-02-28,,
824,"IT",1,2021-12-01,2022-11-30,,
301,"DE",3,2022-01-01,2023-03-31,,
825,"IT",2,2021-10-01,2023-05-31,,
302,"DE",2,2022-01-01,2023-06-30,,
826,"IT",1,2021-11-01,2022-10-31,46.357,11.686
37,"FR",1,2022-06-01,2023-06-30,,
827,"IT",1,2022-05-01,2023-05-31,,
304,"DE",2,2021-12-01,2023-04-30,,
566,"GB",2,2021-10-01,2023-04-30,,
828,"IT",3,2022-02-01,2023-05-31,,
305,"DE",2,2021-11-01,2023-02-28,,
567,"GB",1,2022-05-01,2023-05-31,,
829,"IT",3,2022-02-01,2023-06-30,,
306,"DE",2,2022-06-01,2023-06-30,,
568,"GB",1,2022-01-01,2023-01-31,,
40,"FR",2,2022-03-01,2023-05-31,,
569,"GB",2,2022-02-01,2023-04-30,,
831,"IT",3,2021-10-01,2023-01-31,,
308,"DE",1,2022-04-01,2023-04-30,,
570,"GB",1,2022-05-01,2023-05-31,,
309,"DE",1,2022-02-01,2023-02-28,,
571,"GB",3,2021-12-01,2023-02-28,,
43,"FR",3,2021-09-01,2023-01-31,49.16,6.987
833,"IT",3,2021-12-01,2023-03-31,,
310,"DE",1,2022-04-01,2023-04-30,52.832,8.881
44,"FR",2,2021-12-01,2022-11-30,,
834,"IT",2,2022-01-01,2023-04-30,,
573,"GB",1,2022-01-01,2023-01-31,,
45,"FR",3,2021-10-01,2023-05-31,,
835,"IT",1,2022-02-01,2023-02-28,,
312,"DE",2,2022-01-01,2023-06-30,,
574,"GB",1,2021-11-01,2022-10-31,,
46,"FR",3,2022-01-01,2023-06-30,,
313,"DE",1,2022-01-01,2022-12-31,,
314,"DE",3,2021-12-01,2022-12-31,,
576,"GB",2,2021-11-01,2023-06-30,,
48,"FR",3,2021-09-01,2023-02-28,,
315,"DE",1,2021-11-01,2022-10-31,,
49,"FR",2,2021-11-01,2022-10-31,,
839,"IT",2,2021-09-01,2023-02-28,,
316,"DE",1,2022-01-01,2022-12-31,,
578,"GB",1,2021-09-01,2022-08-31,,
840,"IT",4,2021-09-01,2023-02-28,,
317,"DE",2,2021-09-01,2023-04-30,,
579,"GB",2,2021-10-01,2022-11-30,,
318,"DE",2,2022-05-01,2023-05-31,51.39,11.822
842,"IT",2,2021-09-01,2022-11-30,,
319,"DE",3,2021-10-01,2023-02-28,,
53,"FR",2,2021-12-01,2023-06-30,,
843,"IT",2,2021-10-01,2022-10-31,,
54,"FR",2,2022-01-01,2023-04-30,,
321,"DE",1,2022-04-01,2023-04-30,,
583,"GB",2,2022-04-01,2023-05-31,,
55,"FR",3,2021-09-01,2023-02-28,,
845,"IT",2,2021-10-01,2023-05-31,,
322,"DE",4,2021-09-01,2023-02-28,,
584,"GB",1,2021-11-01,2022-10-31,,
846,"IT",2,2021-09-01,2023-02-28,,
585,"GB",2,2021-11-01,2023-02-28,,
324,"DE",3,2021-09-01,2023-01-31,,
586,"GB",1,2022-01-01,2023-01-31,,
58,"FR",3,2021-09-01,2023-02-28,,
325,"DE",1,2021-12-01,2022-11-30,,
587,"GB",4,2021-12-01,2023-04-30,,
326,"DE",1,2022-02-01,2023-02-28,,
588,"GB",2,2022-02-01,2023-03-31,,
60,"FR",3,2022-01-01,2023-06-30,,
850,"IT",2,2021-12-01,2023-04-30,,
327,"DE",3,2021-09-01,2023-05-31,,
589,"GB",2,2021-10-01,2023-05-31,,
62,"FR",1,2021-10-01,2022-09-30,,
852,"IT",4,2021-09-01,2023-05-31,,
329,"DE",3,2021-10-01,2023-05-31,,
330,"DE",3,2021-12-01,2023-05-31,,
64,"FR",2,2021-09-01,2022-10-31,,
854,"IT",2,2021-09-01,2023-03-31,,
331,"DE",3,2021-11-01,2023-01-31,,
593,"GB",2,2022-01-01,2023-06-30,,
332,"DE",1,2022-05-01,2023-05-31,,
66,"FR",3,2021-11-01,2022-10-31,,
856,"IT",1,2022-06-01,2023-06-30,,
333,"DE",1,2022-01-01,2022-12-31,,
595,"GB",1,2022-05-01,2023-05-31,,
67,"FR",1,2022-01-01,2023-01-31,,
857,"IT",3,2021-09-01,2023-01-31,,
334,"DE",4,2021-10-01,2022-12-31,,
68,"FR",2,2021-10-01,2023-03-31,,
858,"IT",2,2021-11-01,2023-04-30,,
335,"DE",1,2021-09-01,2022-08-31,,
69,"FR",2,2021-09-01,2022-09-30,,
859,"IT",1,2021-09-01,2022-08-31,,
336,"DE",3,2021-12-01,2023-04-30,,
598,"GB",1,2022-06-01,2023-06-30,,
70,"FR",2,2021-09-01,2023-06-30,,
860,"IT",2,2021-09-01,2022-09-30,,
337,"DE",2,2021-11-01,2022-12-31,,
599,"GB",2,2021-09-01,2023-03-31,,
338,"DE",2,2022-01-01,2023-04-30,,
600,"GB",3,2022-01-01,2023-06-30,,
72,"FR",2,2022-01-01,2023-03-31,,
862,"IT",2,2022-01-01,2023-06-30,,
339,"DE",1,2021-11-01,2022-10-31,,
340,"DE",2,2021-11-01,2022-12-31,,
603,"ES",3,2021-10-01,2023-04-30,,
74,"FR",2,2021-11-01,2022-12-31,43.5,4.213
864,"IT",2,2022-02-01,2023-05-31,,
341,"DE",1,2022-02-01,2023-02-28,,
865,"IT",1,2021-12-01,2022-11-30,,
342,"DE",3,2021-11-01,2023-04-30,,
605,"ES",2,2021-09-01,2022-11-30,,
866,"IT",1,2022-02-01,2023-02-28,,
343,"DE",2,2022-01-01,2023-05-31,,
77,"FR",2,2022-04-01,2023-05-31,,
867,"IT",1,2022-01-01,2022-12-31,,
78,"FR",2,2022-02-01,2023-05-31,,
868,"IT",2,2021-11-01,2022-12-31,,
345,"DE",2,2022-01-01,2023-02-28,,
869,"IT",1,2022-04-01,2023-04-30,,
346,"DE",2,2022-02-01,2023-04-30,,
870,"IT",2,2021-11-01,2023-02-28,,
347,"DE",1,2021-09-01,2022-08-31,,
610,"ES",3,2021-10-01,2023-04-30,,
81,"FR",2,2021-10-01,2023-05-31,,
871,"IT",1,2021-11-01,2022-10-31,,
348,"DE",1,2022-04-01,2023-04-30,,
82,"FR",1,2022-06-01,2023-06-30,,
872,"IT",2,2021-11-01,2022-12-31,,
349,"DE",1,2021-11-01,2022-10-31,,
83,"FR",2,2021-09-01,2022-10-31,,
873,"IT",1,2022-01-01,2022-12-31,,
350,"DE",1,2022-05-01,2023-05-31,48.617,10.031
84,"FR",2,2021-12-01,2022-11-30,,
351,"DE",1,2022-05-01,2023-05-31,48.871,11.04
614,"ES",1,2022-04-01,2023-04-30,,
875,"IT",2,2021-09-01,2022-10-31,,
352,"DE",1,2021-11-01,2022-10-31,,
615,"ES",4,2021-12-01,2023-05-31,,
86,"FR",1,2022-03-01,2023-03-31,,
876,"IT",2,2022-01-01,2023-04-30,,
353,"DE",1,2022-06-01,2023-06-30,,
877,"IT",2,2022-04-01,2023-05-31,40.44,9.531
878,"IT",2,2021-11-01,2022-12-31,,
619,"ES",2,2021-10-01,2023-04-30,42.962,-3.315
90,"FR",2,2021-10-01,2023-01-31,,
880,"IT",2,2021-12-01,2023-05-31,,
357,"DE",1,2022-01-01,2023-01-31,,
91,"FR",2,2021-09-01,2022-11-30,,
881,"IT",2,2022-01-01,2023-06-30,,
358,"DE",2,2022-01-01,2023-06-30,,
882,"IT",3,2021-11-01,2023-02-28,,
359,"DE",3,2021-11-01,2023-06-30,,
93,"FR",1,2021-10-01,2022-09-30,,
883,"IT",3,2021-10-01,2023-03-31,,
623,"ES",2,2022-01-01,2023-05-31,42.128,-6.299
94,"FR",1,2022-01-01,2022-12-31,,
361,"DE",2,2022-01-01,2023-04-30,,
624,"ES",2,2022-02-01,2023-04-30,,
95,"FR",4,2021-10-01,2023-06-30,48.853,7.949
362,"DE",3,2021-12-01,2023-04-30,,
96,"FR",3,2022-01-01,2023-05-31,,
363,"DE",1,2022-01-01,2023-01-31,48.233,7.695
626,"ES",2,2022-01-01,2023-02-28,,
97,"FR",2,2022-03-01,2023-03-31,44.553,1.229
887,"IT",2,2021-09-01,2022-08-31,,
627,"ES",3,2021-10-01,2023-04-30,,
888,"IT",1,2022-01-01,2022-12-31,,
365,"DE",1,2021-11-01,2022-10-31,,
889,"IT",2,2021-11-01,2022-11-30,39.519,16.828
890,"IT",4,2021-12-01,2023-06-30,,
367,"DE",2,2022-03-01,2023-04-30,,
368,"DE",1,2022-03-01,2023-03-31,50.751,12.728
369,"DE",3,2021-12-01,2023-06-30,,
893,"IT",3,2022-01-01,2023-05-31,40.365,16.565
370,"DE",2,2021-09-01,2023-03-31,52.122,10.92
634,"ES",2,2021-09-01,2022-12-31,,
105,"FR",2,2022-01-01,2023-05-31,,
895,"IT",2,2021-09-01,2023-03-31,,
106,"FR",2,2021-12-01,2023-05-31,,
896,"IT",3,2021-10-01,2023-06-30,,
373,"DE",3,2022-01-01,2023-04-30,,
107,"FR",1,2022-04-01,2023-04-30,,
897,"IT",1,2021-12-01,2022-11-30,,
108,"FR",3,2021-09-01,2023-03-31,,
375,"DE",1,2022-03-01,2023-03-31,,
110,"FR",2,2021-09-01,2023-03-31,,
377,"DE",1,2022-04-01,2023-04-30,,
111,"FR",2,2021-12-01,2023-01-31,,
378,"DE",2,2021-09-01,2022-12-31,,
112,"FR",2,2022-01-01,2023-02-28,,
902,"IT",1,2022-01-01,2023-01-31,,
642,"ES",2,2022-01-01,2023-05-31,,
113,"FR",2,2022-04-01,2023-05-31,,
903,"IT",3,2021-12-01,2023-02-28,,
114,"FR",1,2022-01-01,2023-01-31,,
904,"IT",2,2021-11-01,2023-05-31,,
381,"DE",3,2021-09-01,2022-11-30,,
905,"IT",3,2021-09-01,2023-06-30,,
382,"DE",1,2022-02-01,2023-02-28,,
645,"ES",3,2021-11-01,2023-06-30,,
116,"FR",2,2021-09-01,2023-05-31,43.229,0.685
906,"IT",2,2022-04-01,2023-06-30,,
383,"DE",2,2021-12-01,2023-04-30,,
646,"ES",3,2022-01-01,2023-06-30,,
907,"IT",2,2021-12-01,2023-04-30,,
384,"DE",4,2021-10-01,2023-03-31,,
647,"ES",2,2021-09-01,2023-04-30,,
118,"FR",3,2022-01-01,2023-02-28,,
385,"DE",3,2022-01-01,2023-04-30,,
648,"ES",3,2021-10-01,2023-04-30,43.35,-4.256
119,"FR",2,2021-12-01,2022-11-30,,
909,"IT",2,2021-12-01,2023-05-31,,
120,"FR",3,2022-01-01,2023-06-30,,
387,"DE",1,2022-05-01,2023-05-31,,
650,"ES",3,2021-12-01,2023-01-31,,
121,"FR",3,2022-02-01,2023-05-31,43.149,0.856
388,"DE",2,2022-02-01,2023-04-30,,
651,"ES",2,2021-10-01,2022-12-31,,
122,"FR",3,2021-09-01,2023-05-31,,
912,"IT",2,2021-12-01,2023-04-30,,
389,"DE",4,2021-09-01,2023-03-31,,
913,"IT",2,2022-03-01,2023-04-30,,
390,"DE",2,2022-01-01,2023-06-30,,
391,"DE",1,2022-04-01,2023-04-30,,
654,"ES",2,2021-11-01,2023-03-31,,
392,"DE",3,2021-12-01,2023-03-31,,
126,"FR",1,2022-02-01,2023-02-28,,
916,"IT",3,2022-01-01,2023-03-31,,
393,"DE",3,2021-09-01,2023-04-30,,
127,"FR",1,2022-01-01,2023-01-31,,
394,"DE",1,2022-03-01,2023-03-31,,
128,"FR",2,2021-09-01,2022-10-31,,
395,"DE",2,2021-09-01,2023-04-30,,
658,"ES",3,2021-09-01,2022-11-30,,
129,"FR",3,2022-01-01,2023-05-31,,
919,"IT",3,2021-09-01,2023-01-31,,
396,"DE",1,2021-12-01,2022-11-30,,
130,"FR",2,2021-11-01,2023-06-30,,
920,"IT",3,2021-09-01,2023-06-30,,
131,"FR",2,2021-09-01,2022-12-31,,
921,"IT",2,2021-10-01,2023-04-30,,
398,"DE",3,2021-10-01,2023-02-28,,
661,"ES",2,2021-09-01,2022-09-30,,
922,"IT",1,2021-12-01,2022-11-30,,
399,"DE",3,2021-11-01,2023-06-30,,
923,"IT",2,2022-04-01,2023-05-31,,
134,"FR",3,2021-10-01,2023-04-30,48.066,0.375
924,"IT",2,2022-04-01,2023-04-30,,
137,"FR",3,2022-01-01,2023-03-31,,
927,"IT",3,2022-01-01,2023-06-30,43.508,13.099
667,"ES",3,2021-11-01,2023-01-31,,
138,"FR",1,2021-12-01,2022-11-30,,
668,"ES",2,2021-11-01,2023-05-31,,
139,"FR",1,2021-12-01,2022-11-30,,
929,"IT",1,2022-04-01,2023-04-30,,
140,"FR",1,2021-12-01,2022-11-30,,
404,"GB",2,2022-03-01,2023-05-31,,
930,"IT",2,2021-10-01,2022-10-31,,
405,"GB",2,2021-09-01,2023-05-31,57.323,-4.356
931,"IT",2,2021-12-01,2023-05-31,,
671,"ES",2,2022-02-01,2023-02-28,,
932,"IT",2,2021-09-01,2023-04-30,,
672,"ES",3,2021-12-01,2023-05-31,,
143,"FR",2,2021-12-01,2023-02-28,,
408,"GB",2,2022-01-01,2023-06-30,,
674,"ES",2,2021-12-01,2023-02-28,42.004,2.32
935,"IT",3,2021-12-01,2023-04-30,,
146,"FR",3,2021-09-01,2022-12-31,49.791,3.196
410,"GB",3,2021-10-01,2023-01-31,,
936,"IT",3,2022-01-01,2023-05-31,,
147,"FR",4,2022-01-01,2023-04-30,,
677,"ES",2,2021-11-01,2023-06-30,,
148,"FR",2,2021-10-01,2023-04-30,,
412,"GB",2,2022-02-01,2023-04-30,,
938,"IT",4,2021-09-01,2023-04-30,,
149,"FR",2,2022-01-01,2023-02-28,,
413,"GB",3,2021-12-01,2023-06-30,,
679,"ES",1,2022-01-01,2022-12-31,,
150,"FR",1,2021-12-01,2022-11-30,,
414,"GB",4,2021-10-01,2023-06-30,,
680,"ES",2,2022-04-01,2023-06-30,,
151,"FR",3,2021-10-01,2022-12-31,,
415,"GB",2,2022-01-01,2022-12-31,,
681,"ES",3,2021-12-01,2023-06-30,,
416,"GB",2,2022-02-01,2023-05-31,,
942,"IT",3,2021-09-01,2023-06-30,,
943,"IT",2,2022-02-01,2023-05-31,,
154,"FR",3,2022-01-01,2023-06-30,,
418,"GB",2,2022-02-01,2023-06-30,,
419,"GB",3,2021-11-01,2023-03-31,,
945,"IT",2,2021-12-01,2023-05-31,,
685,"ES",2,2022-01-01,2023-05-31,,
156,"FR",1,2022-05-01,2023-05-31,,
420,"GB",3,2021-10-01,2023-06-30,,
946,"IT",1,2022-01-01,2023-01-31,,
686,"ES",3,2021-09-01,2023-03-31,,
157,"FR",2,2022-01-01,2022-12-31,,
422,"GB",1,2022-04-01,2023-04-30,,
688,"ES",2,2021-12-01,2023-03-31,,
424,"GB",2,2021-11-01,2023-06-30,,
